image,noise,mos
B/B-1/ERI_B_1_Bayesian.png,1,3.3155
B/B-1/ERI_B_1_CBF.png,2,5.7529
B/B-1/ERI_B_1_CHS.png,3,7.5461
B/B-1/ERI_B_1_GLN-CHE.png,4,5.1404
B/B-1/ERI_B_1_HP.png,5,5.1541
B/B-1/ERI_B_1_IBLA.png,6,5.5407
B/B-1/ERI_B_1_L2UWE.png,7,8.3346
B/B-1/ERI_B_1_RCP.png,8,4.4412
B/B-1/ERI_B_1_TS.png,9,7.306
B/B-1/ERI_B_1_Ucolor.png,10,5.4479
B/B-1/ERI_B_1_UNTV.png,11,5.4945
B/B-1/ERI_B_1_UTV.png,12,6.8863
B/B-1/ERI_B_1_UWB-VCSE.png,13,7.5922
B/B-1/ERI_B_1_UWCNN.png,14,1.8693
B/B-1/ERI_B_1_VR.png,15,3.5665
B/B-10/ERI_B_10_Bayesian.png,1,4.8618
B/B-10/ERI_B_10_CBF.png,2,7.4053
B/B-10/ERI_B_10_CHS.png,3,6.2254
B/B-10/ERI_B_10_GLN-CHE.png,4,8.0896
B/B-10/ERI_B_10_HP.png,5,4.3208
B/B-10/ERI_B_10_IBLA.png,6,5.6288
B/B-10/ERI_B_10_L2UWE.png,7,5.7625
B/B-10/ERI_B_10_RCP.png,8,3.9933
B/B-10/ERI_B_10_TS.png,9,6.2952
B/B-10/ERI_B_10_Ucolor.png,10,4.3401
B/B-10/ERI_B_10_UNTV.png,11,6.115
B/B-10/ERI_B_10_UTV.png,12,3.1671
B/B-10/ERI_B_10_UWB-VCSE.png,13,7.8681
B/B-10/ERI_B_10_UWCNN.png,14,2.5925
B/B-10/ERI_B_10_VR.png,15,4.9454
B/B-2/ERI_B_2_Bayesian.png,1,8.5759
B/B-2/ERI_B_2_CBF.png,2,7.4776
B/B-2/ERI_B_2_CHS.png,3,8.8619
B/B-2/ERI_B_2_GLN-CHE.png,4,8.5311
B/B-2/ERI_B_2_HP.png,5,7.1116
B/B-2/ERI_B_2_IBLA.png,6,7.561
B/B-2/ERI_B_2_L2UWE.png,7,6.6707
B/B-2/ERI_B_2_RCP.png,8,4.5686
B/B-2/ERI_B_2_TS.png,9,6.9802
B/B-2/ERI_B_2_Ucolor.png,10,6.7314
B/B-2/ERI_B_2_UNTV.png,11,7.5965
B/B-2/ERI_B_2_UTV.png,12,5.502
B/B-2/ERI_B_2_UWB-VCSE.png,13,8.6279
B/B-2/ERI_B_2_UWCNN.png,14,1.467
B/B-2/ERI_B_2_VR.png,15,8.0778
B/B-3/ERI_B_3_Bayesian.png,1,2.5169
B/B-3/ERI_B_3_CBF.png,2,5.7047
B/B-3/ERI_B_3_CHS.png,3,6.9578
B/B-3/ERI_B_3_GLN-CHE.png,4,5.4602
B/B-3/ERI_B_3_HP.png,5,5.5082
B/B-3/ERI_B_3_IBLA.png,6,1.8928
B/B-3/ERI_B_3_L2UWE.png,7,4.5228
B/B-3/ERI_B_3_RCP.png,8,4.9856
B/B-3/ERI_B_3_TS.png,9,5.5021
B/B-3/ERI_B_3_Ucolor.png,10,3.9371
B/B-3/ERI_B_3_UNTV.png,11,5.447
B/B-3/ERI_B_3_UTV.png,12,3.8166
B/B-3/ERI_B_3_UWB-VCSE.png,13,5.5096
B/B-3/ERI_B_3_UWCNN.png,14,1.7742
B/B-3/ERI_B_3_VR.png,15,2.4051
B/B-4/ERI_B_4_Bayesian.png,1,3.9939
B/B-4/ERI_B_4_CBF.png,2,5.7851
B/B-4/ERI_B_4_CHS.png,3,5.4225
B/B-4/ERI_B_4_GLN-CHE.png,4,6.9811
B/B-4/ERI_B_4_HP.png,5,2.719
B/B-4/ERI_B_4_IBLA.png,6,3.0722
B/B-4/ERI_B_4_L2UWE.png,7,4.5709
B/B-4/ERI_B_4_RCP.png,8,2.7641
B/B-4/ERI_B_4_TS.png,9,4.3368
B/B-4/ERI_B_4_Ucolor.png,10,4.3217
B/B-4/ERI_B_4_UNTV.png,11,6.0693
B/B-4/ERI_B_4_UTV.png,12,4.5487
B/B-4/ERI_B_4_UWB-VCSE.png,13,5.1697
B/B-4/ERI_B_4_UWCNN.png,14,0.3966
B/B-4/ERI_B_4_VR.png,15,3.3463
B/B-5/ERI_B_5_Bayesian.png,1,5.6597
B/B-5/ERI_B_5_CBF.png,2,5.1392
B/B-5/ERI_B_5_CHS.png,3,6.2499
B/B-5/ERI_B_5_GLN-CHE.png,4,6.8726
B/B-5/ERI_B_5_HP.png,5,5.4646
B/B-5/ERI_B_5_IBLA.png,6,3.0084
B/B-5/ERI_B_5_L2UWE.png,7,5.5236
B/B-5/ERI_B_5_RCP.png,8,4.5417
B/B-5/ERI_B_5_TS.png,9,6.1989
B/B-5/ERI_B_5_Ucolor.png,10,3.2816
B/B-5/ERI_B_5_UNTV.png,11,6.2528
B/B-5/ERI_B_5_UTV.png,12,3.2534
B/B-5/ERI_B_5_UWB-VCSE.png,13,7.5106
B/B-5/ERI_B_5_UWCNN.png,14,1.7238
B/B-5/ERI_B_5_VR.png,15,4.2108
B/B-6/ERI_B_6_Bayesian.png,1,5.7586
B/B-6/ERI_B_6_CBF.png,2,6.774
B/B-6/ERI_B_6_CHS.png,3,5.5824
B/B-6/ERI_B_6_GLN-CHE.png,4,8.8896
B/B-6/ERI_B_6_HP.png,5,6.7054
B/B-6/ERI_B_6_IBLA.png,6,6.7698
B/B-6/ERI_B_6_L2UWE.png,7,8.1829
B/B-6/ERI_B_6_RCP.png,8,6.9706
B/B-6/ERI_B_6_TS.png,9,7.8741
B/B-6/ERI_B_6_Ucolor.png,10,5.4189
B/B-6/ERI_B_6_UNTV.png,11,7.5963
B/B-6/ERI_B_6_UTV.png,12,6.509
B/B-6/ERI_B_6_UWB-VCSE.png,13,8.2555
B/B-6/ERI_B_6_UWCNN.png,14,2.3703
B/B-6/ERI_B_6_VR.png,15,6.0273
B/B-7/ERI_B_7_Bayesian.png,1,2.5773
B/B-7/ERI_B_7_CBF.png,2,7.1932
B/B-7/ERI_B_7_CHS.png,3,3.9976
B/B-7/ERI_B_7_GLN-CHE.png,4,6.9148
B/B-7/ERI_B_7_HP.png,5,1.8521
B/B-7/ERI_B_7_IBLA.png,6,1.7553
B/B-7/ERI_B_7_L2UWE.png,7,2.1741
B/B-7/ERI_B_7_RCP.png,8,3.3907
B/B-7/ERI_B_7_TS.png,9,2.6703
B/B-7/ERI_B_7_Ucolor.png,10,1.885
B/B-7/ERI_B_7_UNTV.png,11,1.8698
B/B-7/ERI_B_7_UTV.png,12,3.0469
B/B-7/ERI_B_7_UWB-VCSE.png,13,6.0521
B/B-7/ERI_B_7_UWCNN.png,14,2.2152
B/B-7/ERI_B_7_VR.png,15,2.3309
B/B-8/ERI_B_8_Bayesian.png,1,6.2435
B/B-8/ERI_B_8_CBF.png,2,6.7109
B/B-8/ERI_B_8_CHS.png,3,2.8982
B/B-8/ERI_B_8_GLN-CHE.png,4,6.2281
B/B-8/ERI_B_8_HP.png,5,2.723
B/B-8/ERI_B_8_IBLA.png,6,3.5316
B/B-8/ERI_B_8_L2UWE.png,7,2.3192
B/B-8/ERI_B_8_RCP.png,8,2.7931
B/B-8/ERI_B_8_TS.png,9,4.2747
B/B-8/ERI_B_8_Ucolor.png,10,2.2947
B/B-8/ERI_B_8_UNTV.png,11,6.3275
B/B-8/ERI_B_8_UTV.png,12,3.1159
B/B-8/ERI_B_8_UWB-VCSE.png,13,7.0185
B/B-8/ERI_B_8_UWCNN.png,14,1.7412
B/B-8/ERI_B_8_VR.png,15,1.8194
B/B-9/ERI_B_9_Bayesian.png,1,3.7338
B/B-9/ERI_B_9_CBF.png,2,3.5064
B/B-9/ERI_B_9_CHS.png,3,3.5957
B/B-9/ERI_B_9_GLN-CHE.png,4,3.5334
B/B-9/ERI_B_9_HP.png,5,4.8586
B/B-9/ERI_B_9_IBLA.png,6,0.4277
B/B-9/ERI_B_9_L2UWE.png,7,7.069
B/B-9/ERI_B_9_RCP.png,8,3.8412
B/B-9/ERI_B_9_TS.png,9,3.3272
B/B-9/ERI_B_9_Ucolor.png,10,1.8408
B/B-9/ERI_B_9_UNTV.png,11,5.4117
B/B-9/ERI_B_9_UTV.png,12,0.0124
B/B-9/ERI_B_9_UWB-VCSE.png,13,7.4638
B/B-9/ERI_B_9_UWCNN.png,14,0.4948
B/B-9/ERI_B_9_VR.png,15,3.5819
BG/BG-1/ERI_BG_1_Bayesian.png,1,4.8713
BG/BG-1/ERI_BG_1_CBF.png,2,6.2514
BG/BG-1/ERI_BG_1_CHS.png,3,7.8605
BG/BG-1/ERI_BG_1_GLN-CHE.png,4,7.2103
BG/BG-1/ERI_BG_1_HP.png,5,4.3098
BG/BG-1/ERI_BG_1_IBLA.png,6,2.1153
BG/BG-1/ERI_BG_1_L2UWE.png,7,3.8399
BG/BG-1/ERI_BG_1_RCP.png,8,3.2921
BG/BG-1/ERI_BG_1_TS.png,9,7.3705
BG/BG-1/ERI_BG_1_Ucolor.png,10,5.5055
BG/BG-1/ERI_BG_1_UNTV.png,11,4.3523
BG/BG-1/ERI_BG_1_UTV.png,12,3.3416
BG/BG-1/ERI_BG_1_UWB-VCSE.png,13,7.9495
BG/BG-1/ERI_BG_1_UWCNN.png,14,1.2156
BG/BG-1/ERI_BG_1_VR.png,15,3.3149
BG/BG-10/ERI_BG_10_Bayesian.png,1,5.5006
BG/BG-10/ERI_BG_10_CBF.png,2,8.4174
BG/BG-10/ERI_BG_10_CHS.png,3,7.897
BG/BG-10/ERI_BG_10_GLN-CHE.png,4,6.9318
BG/BG-10/ERI_BG_10_HP.png,5,6.8859
BG/BG-10/ERI_BG_10_IBLA.png,6,5.4251
BG/BG-10/ERI_BG_10_L2UWE.png,7,2.3976
BG/BG-10/ERI_BG_10_RCP.png,8,5.4903
BG/BG-10/ERI_BG_10_TS.png,9,6.9072
BG/BG-10/ERI_BG_10_Ucolor.png,10,5.4938
BG/BG-10/ERI_BG_10_UNTV.png,11,8.0572
BG/BG-10/ERI_BG_10_UTV.png,12,5.1661
BG/BG-10/ERI_BG_10_UWB-VCSE.png,13,8.1229
BG/BG-10/ERI_BG_10_UWCNN.png,14,3.3343
BG/BG-10/ERI_BG_10_VR.png,15,3.0384
BG/BG-2/ERI_BG_2_Bayesian.png,1,5.6613
BG/BG-2/ERI_BG_2_CBF.png,2,7.9433
BG/BG-2/ERI_BG_2_CHS.png,3,6.8703
BG/BG-2/ERI_BG_2_GLN-CHE.png,4,7.5761
BG/BG-2/ERI_BG_2_HP.png,5,8.0301
BG/BG-2/ERI_BG_2_IBLA.png,6,1.8776
BG/BG-2/ERI_BG_2_L2UWE.png,7,5.4838
BG/BG-2/ERI_BG_2_RCP.png,8,5.1765
BG/BG-2/ERI_BG_2_TS.png,9,6.9519
BG/BG-2/ERI_BG_2_Ucolor.png,10,6.8509
BG/BG-2/ERI_BG_2_UNTV.png,11,7.3964
BG/BG-2/ERI_BG_2_UTV.png,12,0.8885
BG/BG-2/ERI_BG_2_UWB-VCSE.png,13,8.2402
BG/BG-2/ERI_BG_2_UWCNN.png,14,2.7775
BG/BG-2/ERI_BG_2_VR.png,15,4.8625
BG/BG-3/ERI_BG_3_Bayesian.png,1,6.4057
BG/BG-3/ERI_BG_3_CBF.png,2,8.4057
BG/BG-3/ERI_BG_3_CHS.png,3,7.3232
BG/BG-3/ERI_BG_3_GLN-CHE.png,4,8.5045
BG/BG-3/ERI_BG_3_HP.png,5,7.8443
BG/BG-3/ERI_BG_3_IBLA.png,6,5.4815
BG/BG-3/ERI_BG_3_L2UWE.png,7,5.5208
BG/BG-3/ERI_BG_3_RCP.png,8,5.1186
BG/BG-3/ERI_BG_3_TS.png,9,6.9104
BG/BG-3/ERI_BG_3_Ucolor.png,10,7.2892
BG/BG-3/ERI_BG_3_UNTV.png,11,4.466
BG/BG-3/ERI_BG_3_UTV.png,12,5.0857
BG/BG-3/ERI_BG_3_UWB-VCSE.png,13,8.5
BG/BG-3/ERI_BG_3_UWCNN.png,14,4.0254
BG/BG-3/ERI_BG_3_VR.png,15,8.43
BG/BG-4/ERI_BG_4_Bayesian.png,1,5.4813
BG/BG-4/ERI_BG_4_CBF.png,2,4.3226
BG/BG-4/ERI_BG_4_CHS.png,3,6.2563
BG/BG-4/ERI_BG_4_GLN-CHE.png,4,4.4786
BG/BG-4/ERI_BG_4_HP.png,5,5.5174
BG/BG-4/ERI_BG_4_IBLA.png,6,2.1095
BG/BG-4/ERI_BG_4_L2UWE.png,7,2.6829
BG/BG-4/ERI_BG_4_RCP.png,8,2.714
BG/BG-4/ERI_BG_4_TS.png,9,5.4383
BG/BG-4/ERI_BG_4_Ucolor.png,10,3.8567
BG/BG-4/ERI_BG_4_UNTV.png,11,4.3639
BG/BG-4/ERI_BG_4_UTV.png,12,1.4014
BG/BG-4/ERI_BG_4_UWB-VCSE.png,13,5.6147
BG/BG-4/ERI_BG_4_UWCNN.png,14,2.1765
BG/BG-4/ERI_BG_4_VR.png,15,2.7882
BG/BG-5/ERI_BG_5_Bayesian.png,1,6.2757
BG/BG-5/ERI_BG_5_CBF.png,2,8.2332
BG/BG-5/ERI_BG_5_CHS.png,3,8.5847
BG/BG-5/ERI_BG_5_GLN-CHE.png,4,7.9657
BG/BG-5/ERI_BG_5_HP.png,5,4.301
BG/BG-5/ERI_BG_5_IBLA.png,6,3.1645
BG/BG-5/ERI_BG_5_L2UWE.png,7,6.2123
BG/BG-5/ERI_BG_5_RCP.png,8,4.5235
BG/BG-5/ERI_BG_5_TS.png,9,5.4627
BG/BG-5/ERI_BG_5_Ucolor.png,10,4.5003
BG/BG-5/ERI_BG_5_UNTV.png,11,2.6036
BG/BG-5/ERI_BG_5_UTV.png,12,3.171
BG/BG-5/ERI_BG_5_UWB-VCSE.png,13,6.8252
BG/BG-5/ERI_BG_5_UWCNN.png,14,0.7054
BG/BG-5/ERI_BG_5_VR.png,15,3.8175
BG/BG-6/ERI_BG_6_Bayesian.png,1,1.6859
BG/BG-6/ERI_BG_6_CBF.png,2,3.409
BG/BG-6/ERI_BG_6_CHS.png,3,2.1805
BG/BG-6/ERI_BG_6_GLN-CHE.png,4,1.5808
BG/BG-6/ERI_BG_6_HP.png,5,1.8987
BG/BG-6/ERI_BG_6_IBLA.png,6,1.8782
BG/BG-6/ERI_BG_6_L2UWE.png,7,1.8959
BG/BG-6/ERI_BG_6_RCP.png,8,2.0894
BG/BG-6/ERI_BG_6_TS.png,9,1.8306
BG/BG-6/ERI_BG_6_Ucolor.png,10,1.6556
BG/BG-6/ERI_BG_6_UNTV.png,11,2.2907
BG/BG-6/ERI_BG_6_UTV.png,12,1.7715
BG/BG-6/ERI_BG_6_UWB-VCSE.png,13,3.8961
BG/BG-6/ERI_BG_6_UWCNN.png,14,1.5914
BG/BG-6/ERI_BG_6_VR.png,15,1.854
BG/BG-7/ERI_BG_7_Bayesian.png,1,4.3324
BG/BG-7/ERI_BG_7_CBF.png,2,4.4103
BG/BG-7/ERI_BG_7_CHS.png,3,1.7165
BG/BG-7/ERI_BG_7_GLN-CHE.png,4,4.4807
BG/BG-7/ERI_BG_7_HP.png,5,3.1773
BG/BG-7/ERI_BG_7_IBLA.png,6,1.6988
BG/BG-7/ERI_BG_7_L2UWE.png,7,4.3587
BG/BG-7/ERI_BG_7_RCP.png,8,3.7074
BG/BG-7/ERI_BG_7_TS.png,9,4.513
BG/BG-7/ERI_BG_7_Ucolor.png,10,3.5405
BG/BG-7/ERI_BG_7_UNTV.png,11,3.0493
BG/BG-7/ERI_BG_7_UTV.png,12,4.252
BG/BG-7/ERI_BG_7_UWB-VCSE.png,13,7.9072
BG/BG-7/ERI_BG_7_UWCNN.png,14,2.2218
BG/BG-7/ERI_BG_7_VR.png,15,2.3764
BG/BG-8/ERI_BG_8_Bayesian.png,1,4.3817
BG/BG-8/ERI_BG_8_CBF.png,2,5.4237
BG/BG-8/ERI_BG_8_CHS.png,3,4.4995
BG/BG-8/ERI_BG_8_GLN-CHE.png,4,6.1057
BG/BG-8/ERI_BG_8_HP.png,5,3.0983
BG/BG-8/ERI_BG_8_IBLA.png,6,2.5983
BG/BG-8/ERI_BG_8_L2UWE.png,7,1.8073
BG/BG-8/ERI_BG_8_RCP.png,8,3.1243
BG/BG-8/ERI_BG_8_TS.png,9,7.9034
BG/BG-8/ERI_BG_8_Ucolor.png,10,4.5934
BG/BG-8/ERI_BG_8_UNTV.png,11,3.1879
BG/BG-8/ERI_BG_8_UTV.png,12,2.0857
BG/BG-8/ERI_BG_8_UWB-VCSE.png,13,4.903
BG/BG-8/ERI_BG_8_UWCNN.png,14,1.5352
BG/BG-8/ERI_BG_8_VR.png,15,4.2349
BG/BG-9/ERI_BG_9_Bayesian.png,1,5.6001
BG/BG-9/ERI_BG_9_CBF.png,2,8.432
BG/BG-9/ERI_BG_9_CHS.png,3,4.555
BG/BG-9/ERI_BG_9_GLN-CHE.png,4,7.7014
BG/BG-9/ERI_BG_9_HP.png,5,6.2362
BG/BG-9/ERI_BG_9_IBLA.png,6,3.5977
BG/BG-9/ERI_BG_9_L2UWE.png,7,3.7867
BG/BG-9/ERI_BG_9_RCP.png,8,6.7808
BG/BG-9/ERI_BG_9_TS.png,9,6.8509
BG/BG-9/ERI_BG_9_Ucolor.png,10,5.4483
BG/BG-9/ERI_BG_9_UNTV.png,11,3.2372
BG/BG-9/ERI_BG_9_UTV.png,12,3.2559
BG/BG-9/ERI_BG_9_UWB-VCSE.png,13,8.6562
BG/BG-9/ERI_BG_9_UWCNN.png,14,4.2749
BG/BG-9/ERI_BG_9_VR.png,15,4.5137
G/G-1/ERI_G_1_Bayesian.png,1,2.691
G/G-1/ERI_G_1_CBF.png,2,6.6972
G/G-1/ERI_G_1_CHS.png,3,6.6821
G/G-1/ERI_G_1_GLN-CHE.png,4,8.5216
G/G-1/ERI_G_1_HP.png,5,7.4975
G/G-1/ERI_G_1_IBLA.png,6,4.9418
G/G-1/ERI_G_1_L2UWE.png,7,5.4413
G/G-1/ERI_G_1_RCP.png,8,4.9883
G/G-1/ERI_G_1_TS.png,9,7.1934
G/G-1/ERI_G_1_Ucolor.png,10,6.1467
G/G-1/ERI_G_1_UNTV.png,11,2.6583
G/G-1/ERI_G_1_UTV.png,12,2.0032
G/G-1/ERI_G_1_UWB-VCSE.png,13,8.8803
G/G-1/ERI_G_1_UWCNN.png,14,2.3888
G/G-1/ERI_G_1_VR.png,15,1.8956
G/G-10/ERI_G_10_Bayesian.png,1,1.808
G/G-10/ERI_G_10_CBF.png,2,4.553
G/G-10/ERI_G_10_CHS.png,3,6.2676
G/G-10/ERI_G_10_GLN-CHE.png,4,6.1003
G/G-10/ERI_G_10_HP.png,5,3.9572
G/G-10/ERI_G_10_IBLA.png,6,2.3684
G/G-10/ERI_G_10_L2UWE.png,7,1.594
G/G-10/ERI_G_10_RCP.png,8,2.7689
G/G-10/ERI_G_10_TS.png,9,5.1486
G/G-10/ERI_G_10_Ucolor.png,10,5.1243
G/G-10/ERI_G_10_UNTV.png,11,5.1911
G/G-10/ERI_G_10_UTV.png,12,0.4409
G/G-10/ERI_G_10_UWB-VCSE.png,13,8.2276
G/G-10/ERI_G_10_UWCNN.png,14,0.4987
G/G-10/ERI_G_10_VR.png,15,4.8605
G/G-2/ERI_G_2_Bayesian.png,1,4.2573
G/G-2/ERI_G_2_CBF.png,2,6.0196
G/G-2/ERI_G_2_CHS.png,3,3.3651
G/G-2/ERI_G_2_GLN-CHE.png,4,6.7053
G/G-2/ERI_G_2_HP.png,5,4.5113
G/G-2/ERI_G_2_IBLA.png,6,0.6225
G/G-2/ERI_G_2_L2UWE.png,7,1.0052
G/G-2/ERI_G_2_RCP.png,8,2.2864
G/G-2/ERI_G_2_TS.png,9,2.7329
G/G-2/ERI_G_2_Ucolor.png,10,2.2566
G/G-2/ERI_G_2_UNTV.png,11,2.0098
G/G-2/ERI_G_2_UTV.png,12,0.1056
G/G-2/ERI_G_2_UWB-VCSE.png,13,6.1193
G/G-2/ERI_G_2_UWCNN.png,14,0.4231
G/G-2/ERI_G_2_VR.png,15,3.8675
G/G-3/ERI_G_3_Bayesian.png,1,3.0021
G/G-3/ERI_G_3_CBF.png,2,3.4716
G/G-3/ERI_G_3_CHS.png,3,1.7837
G/G-3/ERI_G_3_GLN-CHE.png,4,6.9073
G/G-3/ERI_G_3_HP.png,5,2.799
G/G-3/ERI_G_3_IBLA.png,6,3.7796
G/G-3/ERI_G_3_L2UWE.png,7,3.5041
G/G-3/ERI_G_3_RCP.png,8,2.4192
G/G-3/ERI_G_3_TS.png,9,3.1443
G/G-3/ERI_G_3_Ucolor.png,10,3.127
G/G-3/ERI_G_3_UNTV.png,11,4.9909
G/G-3/ERI_G_3_UTV.png,12,3.3889
G/G-3/ERI_G_3_UWB-VCSE.png,13,7.5277
G/G-3/ERI_G_3_UWCNN.png,14,3.0242
G/G-3/ERI_G_3_VR.png,15,3.8024
G/G-4/ERI_G_4_Bayesian.png,1,6.239
G/G-4/ERI_G_4_CBF.png,2,8.0284
G/G-4/ERI_G_4_CHS.png,3,8.1375
G/G-4/ERI_G_4_GLN-CHE.png,4,7.5173
G/G-4/ERI_G_4_HP.png,5,7.8738
G/G-4/ERI_G_4_IBLA.png,6,3.337
G/G-4/ERI_G_4_L2UWE.png,7,4.2745
G/G-4/ERI_G_4_RCP.png,8,3.184
G/G-4/ERI_G_4_TS.png,9,6.0689
G/G-4/ERI_G_4_Ucolor.png,10,6.0262
G/G-4/ERI_G_4_UNTV.png,11,3.3431
G/G-4/ERI_G_4_UTV.png,12,0.771
G/G-4/ERI_G_4_UWB-VCSE.png,13,8.1361
G/G-4/ERI_G_4_UWCNN.png,14,1.2006
G/G-4/ERI_G_4_VR.png,15,3.3428
G/G-5/ERI_G_5_Bayesian.png,1,7.4818
G/G-5/ERI_G_5_CBF.png,2,7.5105
G/G-5/ERI_G_5_CHS.png,3,5.6006
G/G-5/ERI_G_5_GLN-CHE.png,4,7.5012
G/G-5/ERI_G_5_HP.png,5,7.1842
G/G-5/ERI_G_5_IBLA.png,6,2.7553
G/G-5/ERI_G_5_L2UWE.png,7,2.7084
G/G-5/ERI_G_5_RCP.png,8,4.395
G/G-5/ERI_G_5_TS.png,9,6.6881
G/G-5/ERI_G_5_Ucolor.png,10,5.5102
G/G-5/ERI_G_5_UNTV.png,11,4.0156
G/G-5/ERI_G_5_UTV.png,12,1.0139
G/G-5/ERI_G_5_UWB-VCSE.png,13,8.0633
G/G-5/ERI_G_5_UWCNN.png,14,1.8132
G/G-5/ERI_G_5_VR.png,15,3.3936
G/G-6/ERI_G_6_Bayesian.png,1,5.1688
G/G-6/ERI_G_6_CBF.png,2,4.3878
G/G-6/ERI_G_6_CHS.png,3,6.7688
G/G-6/ERI_G_6_GLN-CHE.png,4,6.6483
G/G-6/ERI_G_6_HP.png,5,3.1422
G/G-6/ERI_G_6_IBLA.png,6,2.7113
G/G-6/ERI_G_6_L2UWE.png,7,3.1465
G/G-6/ERI_G_6_RCP.png,8,1.6562
G/G-6/ERI_G_6_TS.png,9,4.5089
G/G-6/ERI_G_6_Ucolor.png,10,3.9321
G/G-6/ERI_G_6_UNTV.png,11,5.5124
G/G-6/ERI_G_6_UTV.png,12,0.5884
G/G-6/ERI_G_6_UWB-VCSE.png,13,7.1447
G/G-6/ERI_G_6_UWCNN.png,14,2.0016
G/G-6/ERI_G_6_VR.png,15,4.94
G/G-7/ERI_G_7_Bayesian.png,1,3.1716
G/G-7/ERI_G_7_CBF.png,2,1.5907
G/G-7/ERI_G_7_CHS.png,3,2.4541
G/G-7/ERI_G_7_GLN-CHE.png,4,1.8211
G/G-7/ERI_G_7_HP.png,5,3.8715
G/G-7/ERI_G_7_IBLA.png,6,2.0158
G/G-7/ERI_G_7_L2UWE.png,7,2.1584
G/G-7/ERI_G_7_RCP.png,8,2.3081
G/G-7/ERI_G_7_TS.png,9,2.9265
G/G-7/ERI_G_7_Ucolor.png,10,2.4373
G/G-7/ERI_G_7_UNTV.png,11,2.0192
G/G-7/ERI_G_7_UTV.png,12,0.5509
G/G-7/ERI_G_7_UWB-VCSE.png,13,4.4794
G/G-7/ERI_G_7_UWCNN.png,14,1.8166
G/G-7/ERI_G_7_VR.png,15,4.4841
G/G-8/ERI_G_8_Bayesian.png,1,7.5197
G/G-8/ERI_G_8_CBF.png,2,7.0526
G/G-8/ERI_G_8_CHS.png,3,6.7052
G/G-8/ERI_G_8_GLN-CHE.png,4,6.8194
G/G-8/ERI_G_8_HP.png,5,4.5198
G/G-8/ERI_G_8_IBLA.png,6,2.6913
G/G-8/ERI_G_8_L2UWE.png,7,1.8998
G/G-8/ERI_G_8_RCP.png,8,3.596
G/G-8/ERI_G_8_TS.png,9,2.7034
G/G-8/ERI_G_8_Ucolor.png,10,4.5904
G/G-8/ERI_G_8_UNTV.png,11,6.1835
G/G-8/ERI_G_8_UTV.png,12,0.4054
G/G-8/ERI_G_8_UWB-VCSE.png,13,7.3149
G/G-8/ERI_G_8_UWCNN.png,14,0.6062
G/G-8/ERI_G_8_VR.png,15,7.3963
G/G-9/ERI_G_9_Bayesian.png,1,2.7176
G/G-9/ERI_G_9_CBF.png,2,4.8456
G/G-9/ERI_G_9_CHS.png,3,6.1289
G/G-9/ERI_G_9_GLN-CHE.png,4,3.1082
G/G-9/ERI_G_9_HP.png,5,3.0463
G/G-9/ERI_G_9_IBLA.png,6,2.0008
G/G-9/ERI_G_9_L2UWE.png,7,2.1488
G/G-9/ERI_G_9_RCP.png,8,3.1297
G/G-9/ERI_G_9_TS.png,9,3.9202
G/G-9/ERI_G_9_Ucolor.png,10,3.8642
G/G-9/ERI_G_9_UNTV.png,11,2.7687
G/G-9/ERI_G_9_UTV.png,12,0.6054
G/G-9/ERI_G_9_UWB-VCSE.png,13,4.5217
G/G-9/ERI_G_9_UWCNN.png,14,0.7364
G/G-9/ERI_G_9_VR.png,15,2.5766
H/H-1/ERI_H_1_Bayesian.png,1,4.9271
H/H-1/ERI_H_1_CBF.png,2,7.4338
H/H-1/ERI_H_1_CHS.png,3,6.9727
H/H-1/ERI_H_1_GLN-CHE.png,4,7.2709
H/H-1/ERI_H_1_HP.png,5,7.4993
H/H-1/ERI_H_1_IBLA.png,6,1.8981
H/H-1/ERI_H_1_L2UWE.png,7,4.5962
H/H-1/ERI_H_1_RCP.png,8,3.1353
H/H-1/ERI_H_1_TS.png,9,4.3564
H/H-1/ERI_H_1_Ucolor.png,10,5.5198
H/H-1/ERI_H_1_UNTV.png,11,4.875
H/H-1/ERI_H_1_UTV.png,12,1.5771
H/H-1/ERI_H_1_UWB-VCSE.png,13,8.3334
H/H-1/ERI_H_1_UWCNN.png,14,1.8755
H/H-1/ERI_H_1_VR.png,15,1.8965
H/H-10/ERI_H_10_Bayesian.png,1,4.4014
H/H-10/ERI_H_10_CBF.png,2,8.1668
H/H-10/ERI_H_10_CHS.png,3,7.027
H/H-10/ERI_H_10_GLN-CHE.png,4,7.0502
H/H-10/ERI_H_10_HP.png,5,5.7345
H/H-10/ERI_H_10_IBLA.png,6,3.3487
H/H-10/ERI_H_10_L2UWE.png,7,5.7543
H/H-10/ERI_H_10_RCP.png,8,2.629
H/H-10/ERI_H_10_TS.png,9,2.6249
H/H-10/ERI_H_10_Ucolor.png,10,5.5982
H/H-10/ERI_H_10_UNTV.png,11,2.6163
H/H-10/ERI_H_10_UTV.png,12,4.5197
H/H-10/ERI_H_10_UWB-VCSE.png,13,6.6275
H/H-10/ERI_H_10_UWCNN.png,14,0.6454
H/H-10/ERI_H_10_VR.png,15,2.5098
H/H-2/ERI_H_2_Bayesian.png,1,4.5523
H/H-2/ERI_H_2_CBF.png,2,5.1325
H/H-2/ERI_H_2_CHS.png,3,7.48
H/H-2/ERI_H_2_GLN-CHE.png,4,5.7364
H/H-2/ERI_H_2_HP.png,5,3.0089
H/H-2/ERI_H_2_IBLA.png,6,5.4907
H/H-2/ERI_H_2_L2UWE.png,7,5.4141
H/H-2/ERI_H_2_RCP.png,8,3.2927
H/H-2/ERI_H_2_TS.png,9,5.7946
H/H-2/ERI_H_2_Ucolor.png,10,4.9036
H/H-2/ERI_H_2_UNTV.png,11,5.4796
H/H-2/ERI_H_2_UTV.png,12,3.0097
H/H-2/ERI_H_2_UWB-VCSE.png,13,5.5554
H/H-2/ERI_H_2_UWCNN.png,14,0.6818
H/H-2/ERI_H_2_VR.png,15,3.0097
H/H-3/ERI_H_3_Bayesian.png,1,3.8873
H/H-3/ERI_H_3_CBF.png,2,8.3893
H/H-3/ERI_H_3_CHS.png,3,6.9626
H/H-3/ERI_H_3_GLN-CHE.png,4,8.04
H/H-3/ERI_H_3_HP.png,5,7.5965
H/H-3/ERI_H_3_IBLA.png,6,3.047
H/H-3/ERI_H_3_L2UWE.png,7,4.8701
H/H-3/ERI_H_3_RCP.png,8,6.257
H/H-3/ERI_H_3_TS.png,9,4.8731
H/H-3/ERI_H_3_Ucolor.png,10,5.4996
H/H-3/ERI_H_3_UNTV.png,11,6.1692
H/H-3/ERI_H_3_UTV.png,12,1.573
H/H-3/ERI_H_3_UWB-VCSE.png,13,8.0962
H/H-3/ERI_H_3_UWCNN.png,14,1.6791
H/H-3/ERI_H_3_VR.png,15,3.1417
H/H-4/ERI_H_4_Bayesian.png,1,4.2253
H/H-4/ERI_H_4_CBF.png,2,5.1913
H/H-4/ERI_H_4_CHS.png,3,5.5191
H/H-4/ERI_H_4_GLN-CHE.png,4,5.1605
H/H-4/ERI_H_4_HP.png,5,5.4597
H/H-4/ERI_H_4_IBLA.png,6,2.0812
H/H-4/ERI_H_4_L2UWE.png,7,1.4531
H/H-4/ERI_H_4_RCP.png,8,2.6929
H/H-4/ERI_H_4_TS.png,9,3.8875
H/H-4/ERI_H_4_Ucolor.png,10,3.5899
H/H-4/ERI_H_4_UNTV.png,11,8.3313
H/H-4/ERI_H_4_UTV.png,12,1.5862
H/H-4/ERI_H_4_UWB-VCSE.png,13,7.5344
H/H-4/ERI_H_4_UWCNN.png,14,1.266
H/H-4/ERI_H_4_VR.png,15,4.929
H/H-5/ERI_H_5_Bayesian.png,1,4.4881
H/H-5/ERI_H_5_CBF.png,2,7.0747
H/H-5/ERI_H_5_CHS.png,3,6.9909
H/H-5/ERI_H_5_GLN-CHE.png,4,7.0758
H/H-5/ERI_H_5_HP.png,5,6.6861
H/H-5/ERI_H_5_IBLA.png,6,2.7756
H/H-5/ERI_H_5_L2UWE.png,7,4.3061
H/H-5/ERI_H_5_RCP.png,8,3.9993
H/H-5/ERI_H_5_TS.png,9,6.8151
H/H-5/ERI_H_5_Ucolor.png,10,5.4427
H/H-5/ERI_H_5_UNTV.png,11,5.7606
H/H-5/ERI_H_5_UTV.png,12,4.2319
H/H-5/ERI_H_5_UWB-VCSE.png,13,7.5785
H/H-5/ERI_H_5_UWCNN.png,14,0.4828
H/H-5/ERI_H_5_VR.png,15,4.3112
H/H-6/ERI_H_6_Bayesian.png,1,2.7196
H/H-6/ERI_H_6_CBF.png,2,4.4928
H/H-6/ERI_H_6_CHS.png,3,5.7746
H/H-6/ERI_H_6_GLN-CHE.png,4,4.5397
H/H-6/ERI_H_6_HP.png,5,4.4076
H/H-6/ERI_H_6_IBLA.png,6,2.5199
H/H-6/ERI_H_6_L2UWE.png,7,3.0562
H/H-6/ERI_H_6_RCP.png,8,3.9097
H/H-6/ERI_H_6_TS.png,9,4.3472
H/H-6/ERI_H_6_Ucolor.png,10,3.7977
H/H-6/ERI_H_6_UNTV.png,11,4.8713
H/H-6/ERI_H_6_UTV.png,12,1.703
H/H-6/ERI_H_6_UWB-VCSE.png,13,6.1567
H/H-6/ERI_H_6_UWCNN.png,14,2.7033
H/H-6/ERI_H_6_VR.png,15,2.7051
H/H-7/ERI_H_7_Bayesian.png,1,3.2925
H/H-7/ERI_H_7_CBF.png,2,7.4263
H/H-7/ERI_H_7_CHS.png,3,5.5167
H/H-7/ERI_H_7_GLN-CHE.png,4,8.0386
H/H-7/ERI_H_7_HP.png,5,6.0374
H/H-7/ERI_H_7_IBLA.png,6,4.4113
H/H-7/ERI_H_7_L2UWE.png,7,6.9
H/H-7/ERI_H_7_RCP.png,8,2.394
H/H-7/ERI_H_7_TS.png,9,5.7527
H/H-7/ERI_H_7_Ucolor.png,10,4.4864
H/H-7/ERI_H_7_UNTV.png,11,1.4889
H/H-7/ERI_H_7_UTV.png,12,2.5606
H/H-7/ERI_H_7_UWB-VCSE.png,13,6.7483
H/H-7/ERI_H_7_UWCNN.png,14,1.1682
H/H-7/ERI_H_7_VR.png,15,1.1065
H/H-8/ERI_H_8_Bayesian.png,1,2.7036
H/H-8/ERI_H_8_CBF.png,2,6.1342
H/H-8/ERI_H_8_CHS.png,3,3.1712
H/H-8/ERI_H_8_GLN-CHE.png,4,5.5061
H/H-8/ERI_H_8_HP.png,5,3.8986
H/H-8/ERI_H_8_IBLA.png,6,4.8612
H/H-8/ERI_H_8_L2UWE.png,7,5.1496
H/H-8/ERI_H_8_RCP.png,8,4.5924
H/H-8/ERI_H_8_TS.png,9,5.4689
H/H-8/ERI_H_8_Ucolor.png,10,6.0513
H/H-8/ERI_H_8_UNTV.png,11,4.4787
H/H-8/ERI_H_8_UTV.png,12,7.0419
H/H-8/ERI_H_8_UWB-VCSE.png,13,5.4411
H/H-8/ERI_H_8_UWCNN.png,14,0.3229
H/H-8/ERI_H_8_VR.png,15,3.2997
H/H-9/ERI_H_9_Bayesian.png,1,3.9487
H/H-9/ERI_H_9_CBF.png,2,6.7821
H/H-9/ERI_H_9_CHS.png,3,6.7987
H/H-9/ERI_H_9_GLN-CHE.png,4,5.4694
H/H-9/ERI_H_9_HP.png,5,0.6197
H/H-9/ERI_H_9_IBLA.png,6,1.5473
H/H-9/ERI_H_9_L2UWE.png,7,6.2909
H/H-9/ERI_H_9_RCP.png,8,2.2785
H/H-9/ERI_H_9_TS.png,9,2.7354
H/H-9/ERI_H_9_Ucolor.png,10,5.5027
H/H-9/ERI_H_9_UNTV.png,11,2.2801
H/H-9/ERI_H_9_UTV.png,12,6.6736
H/H-9/ERI_H_9_UWB-VCSE.png,13,6.8903
H/H-9/ERI_H_9_UWCNN.png,14,0.0044
H/H-9/ERI_H_9_VR.png,15,2.6154
LL/LL-1/ERI_LL_1_Bayesian.png,1,3.557
LL/LL-1/ERI_LL_1_CBF.png,2,7.044
LL/LL-1/ERI_LL_1_CHS.png,3,6.6975
LL/LL-1/ERI_LL_1_GLN-CHE.png,4,5.7581
LL/LL-1/ERI_LL_1_HP.png,5,7.0644
LL/LL-1/ERI_LL_1_IBLA.png,6,5.9441
LL/LL-1/ERI_LL_1_L2UWE.png,7,6.3579
LL/LL-1/ERI_LL_1_RCP.png,8,2.9207
LL/LL-1/ERI_LL_1_TS.png,9,7.2819
LL/LL-1/ERI_LL_1_Ucolor.png,10,5.5178
LL/LL-1/ERI_LL_1_UNTV.png,11,2.5429
LL/LL-1/ERI_LL_1_UTV.png,12,2.0367
LL/LL-1/ERI_LL_1_UWB-VCSE.png,13,6.8333
LL/LL-1/ERI_LL_1_UWCNN.png,14,0.765
LL/LL-1/ERI_LL_1_VR.png,15,4.4701
LL/LL-10/ERI_LL_10_Bayesian.png,1,1.5412
LL/LL-10/ERI_LL_10_CBF.png,2,2.108
LL/LL-10/ERI_LL_10_CHS.png,3,2.077
LL/LL-10/ERI_LL_10_GLN-CHE.png,4,2.0093
LL/LL-10/ERI_LL_10_HP.png,5,3.2143
LL/LL-10/ERI_LL_10_IBLA.png,6,3.5332
LL/LL-10/ERI_LL_10_L2UWE.png,7,3.7983
LL/LL-10/ERI_LL_10_RCP.png,8,1.832
LL/LL-10/ERI_LL_10_TS.png,9,2.3678
LL/LL-10/ERI_LL_10_Ucolor.png,10,2.2521
LL/LL-10/ERI_LL_10_UNTV.png,11,2.0038
LL/LL-10/ERI_LL_10_UTV.png,12,1.8717
LL/LL-10/ERI_LL_10_UWB-VCSE.png,13,2.8104
LL/LL-10/ERI_LL_10_UWCNN.png,14,1.528
LL/LL-10/ERI_LL_10_VR.png,15,0.8258
LL/LL-2/ERI_LL_2_Bayesian.png,1,2.7121
LL/LL-2/ERI_LL_2_CBF.png,2,4.5397
LL/LL-2/ERI_LL_2_CHS.png,3,4.5848
LL/LL-2/ERI_LL_2_GLN-CHE.png,4,5.16
LL/LL-2/ERI_LL_2_HP.png,5,4.8595
LL/LL-2/ERI_LL_2_IBLA.png,6,6.8366
LL/LL-2/ERI_LL_2_L2UWE.png,7,7.1345
LL/LL-2/ERI_LL_2_RCP.png,8,4.2293
LL/LL-2/ERI_LL_2_TS.png,9,4.2091
LL/LL-2/ERI_LL_2_Ucolor.png,10,3.9003
LL/LL-2/ERI_LL_2_UNTV.png,11,3.9729
LL/LL-2/ERI_LL_2_UTV.png,12,5.5242
LL/LL-2/ERI_LL_2_UWB-VCSE.png,13,5.5007
LL/LL-2/ERI_LL_2_UWCNN.png,14,2.003
LL/LL-2/ERI_LL_2_VR.png,15,2.3198
LL/LL-3/ERI_LL_3_Bayesian.png,1,4.3514
LL/LL-3/ERI_LL_3_CBF.png,2,7.3546
LL/LL-3/ERI_LL_3_CHS.png,3,6.6369
LL/LL-3/ERI_LL_3_GLN-CHE.png,4,6.2772
LL/LL-3/ERI_LL_3_HP.png,5,7.8826
LL/LL-3/ERI_LL_3_IBLA.png,6,2.4181
LL/LL-3/ERI_LL_3_L2UWE.png,7,3.9571
LL/LL-3/ERI_LL_3_RCP.png,8,3.9753
LL/LL-3/ERI_LL_3_TS.png,9,7.44
LL/LL-3/ERI_LL_3_Ucolor.png,10,3.5281
LL/LL-3/ERI_LL_3_UNTV.png,11,5.5291
LL/LL-3/ERI_LL_3_UTV.png,12,1.3167
LL/LL-3/ERI_LL_3_UWB-VCSE.png,13,5.742
LL/LL-3/ERI_LL_3_UWCNN.png,14,2.1952
LL/LL-3/ERI_LL_3_VR.png,15,2.1416
LL/LL-4/ERI_LL_4_Bayesian.png,1,4.4944
LL/LL-4/ERI_LL_4_CBF.png,2,3.5561
LL/LL-4/ERI_LL_4_CHS.png,3,2.0746
LL/LL-4/ERI_LL_4_GLN-CHE.png,4,4.5389
LL/LL-4/ERI_LL_4_HP.png,5,4.9318
LL/LL-4/ERI_LL_4_IBLA.png,6,3.7663
LL/LL-4/ERI_LL_4_L2UWE.png,7,3.5606
LL/LL-4/ERI_LL_4_RCP.png,8,1.7378
LL/LL-4/ERI_LL_4_TS.png,9,1.672
LL/LL-4/ERI_LL_4_Ucolor.png,10,2.0437
LL/LL-4/ERI_LL_4_UNTV.png,11,1.7338
LL/LL-4/ERI_LL_4_UTV.png,12,1.5557
LL/LL-4/ERI_LL_4_UWB-VCSE.png,13,2.0356
LL/LL-4/ERI_LL_4_UWCNN.png,14,1.7129
LL/LL-4/ERI_LL_4_VR.png,15,1.5733
LL/LL-5/ERI_LL_5_Bayesian.png,1,1.1724
LL/LL-5/ERI_LL_5_CBF.png,2,3.905
LL/LL-5/ERI_LL_5_CHS.png,3,2.7721
LL/LL-5/ERI_LL_5_GLN-CHE.png,4,6.0267
LL/LL-5/ERI_LL_5_HP.png,5,4.5827
LL/LL-5/ERI_LL_5_IBLA.png,6,4.8745
LL/LL-5/ERI_LL_5_L2UWE.png,7,3.9071
LL/LL-5/ERI_LL_5_RCP.png,8,3.9408
LL/LL-5/ERI_LL_5_TS.png,9,3.7296
LL/LL-5/ERI_LL_5_Ucolor.png,10,2.6352
LL/LL-5/ERI_LL_5_UNTV.png,11,5.5736
LL/LL-5/ERI_LL_5_UTV.png,12,2.0399
LL/LL-5/ERI_LL_5_UWB-VCSE.png,13,7.0832
LL/LL-5/ERI_LL_5_UWCNN.png,14,2.7892
LL/LL-5/ERI_LL_5_VR.png,15,1.4801
LL/LL-6/ERI_LL_6_Bayesian.png,1,4.3432
LL/LL-6/ERI_LL_6_CBF.png,2,4.2619
LL/LL-6/ERI_LL_6_CHS.png,3,3.1774
LL/LL-6/ERI_LL_6_GLN-CHE.png,4,3.11
LL/LL-6/ERI_LL_6_HP.png,5,4.8741
LL/LL-6/ERI_LL_6_IBLA.png,6,2.7605
LL/LL-6/ERI_LL_6_L2UWE.png,7,7.2161
LL/LL-6/ERI_LL_6_RCP.png,8,4.4165
LL/LL-6/ERI_LL_6_TS.png,9,3.9088
LL/LL-6/ERI_LL_6_Ucolor.png,10,3.8865
LL/LL-6/ERI_LL_6_UNTV.png,11,4.8715
LL/LL-6/ERI_LL_6_UTV.png,12,2.5913
LL/LL-6/ERI_LL_6_UWB-VCSE.png,13,6.6718
LL/LL-6/ERI_LL_6_UWCNN.png,14,2.7648
LL/LL-6/ERI_LL_6_VR.png,15,2.0198
LL/LL-7/ERI_LL_7_Bayesian.png,1,7.2623
LL/LL-7/ERI_LL_7_CBF.png,2,8.4693
LL/LL-7/ERI_LL_7_CHS.png,3,6.675
LL/LL-7/ERI_LL_7_GLN-CHE.png,4,8.5783
LL/LL-7/ERI_LL_7_HP.png,5,6.1243
LL/LL-7/ERI_LL_7_IBLA.png,6,5.1506
LL/LL-7/ERI_LL_7_L2UWE.png,7,4.3749
LL/LL-7/ERI_LL_7_RCP.png,8,4.9043
LL/LL-7/ERI_LL_7_TS.png,9,5.7932
LL/LL-7/ERI_LL_7_Ucolor.png,10,3.9014
LL/LL-7/ERI_LL_7_UNTV.png,11,3.5467
LL/LL-7/ERI_LL_7_UTV.png,12,0.0014
LL/LL-7/ERI_LL_7_UWB-VCSE.png,13,8.0816
LL/LL-7/ERI_LL_7_UWCNN.png,14,2.1103
LL/LL-7/ERI_LL_7_VR.png,15,5.6143
LL/LL-8/ERI_LL_8_Bayesian.png,1,2.6512
LL/LL-8/ERI_LL_8_CBF.png,2,4.3837
LL/LL-8/ERI_LL_8_CHS.png,3,4.7842
LL/LL-8/ERI_LL_8_GLN-CHE.png,4,4.1334
LL/LL-8/ERI_LL_8_HP.png,5,3.2491
LL/LL-8/ERI_LL_8_IBLA.png,6,2.8678
LL/LL-8/ERI_LL_8_L2UWE.png,7,6.8825
LL/LL-8/ERI_LL_8_RCP.png,8,3.5406
LL/LL-8/ERI_LL_8_TS.png,9,5.2403
LL/LL-8/ERI_LL_8_Ucolor.png,10,3.4332
LL/LL-8/ERI_LL_8_UNTV.png,11,4.4602
LL/LL-8/ERI_LL_8_UTV.png,12,1.21
LL/LL-8/ERI_LL_8_UWB-VCSE.png,13,5.2938
LL/LL-8/ERI_LL_8_UWCNN.png,14,1.1909
LL/LL-8/ERI_LL_8_VR.png,15,4.2854
LL/LL-9/ERI_LL_9_Bayesian.png,1,4.8588
LL/LL-9/ERI_LL_9_CBF.png,2,6.215
LL/LL-9/ERI_LL_9_CHS.png,3,6.6613
LL/LL-9/ERI_LL_9_GLN-CHE.png,4,6.9776
LL/LL-9/ERI_LL_9_HP.png,5,5.6732
LL/LL-9/ERI_LL_9_IBLA.png,6,3.0597
LL/LL-9/ERI_LL_9_L2UWE.png,7,5.4921
LL/LL-9/ERI_LL_9_RCP.png,8,5.4381
LL/LL-9/ERI_LL_9_TS.png,9,7.4991
LL/LL-9/ERI_LL_9_Ucolor.png,10,3.2046
LL/LL-9/ERI_LL_9_UNTV.png,11,5.7592
LL/LL-9/ERI_LL_9_UTV.png,12,0.8244
LL/LL-9/ERI_LL_9_UWB-VCSE.png,13,8.2895
LL/LL-9/ERI_LL_9_UWCNN.png,14,3.2443
LL/LL-9/ERI_LL_9_VR.png,15,5.4468
T/T-1/ERI_T_1_Bayesian.png,1,8.0634
T/T-1/ERI_T_1_CBF.png,2,8.3117
T/T-1/ERI_T_1_CHS.png,3,8.695
T/T-1/ERI_T_1_GLN-CHE.png,4,8.1399
T/T-1/ERI_T_1_HP.png,5,6.2403
T/T-1/ERI_T_1_IBLA.png,6,4.5583
T/T-1/ERI_T_1_L2UWE.png,7,7.0922
T/T-1/ERI_T_1_RCP.png,8,3.5263
T/T-1/ERI_T_1_TS.png,9,6.6792
T/T-1/ERI_T_1_Ucolor.png,10,5.7544
T/T-1/ERI_T_1_UNTV.png,11,6.9144
T/T-1/ERI_T_1_UTV.png,12,1.8728
T/T-1/ERI_T_1_UWB-VCSE.png,13,8.4022
T/T-1/ERI_T_1_UWCNN.png,14,0.7109
T/T-1/ERI_T_1_VR.png,15,5.4993
T/T-10/ERI_T_10_Bayesian.png,1,2.7839
T/T-10/ERI_T_10_CBF.png,2,2.2419
T/T-10/ERI_T_10_CHS.png,3,3.7748
T/T-10/ERI_T_10_GLN-CHE.png,4,1.5595
T/T-10/ERI_T_10_HP.png,5,1.2235
T/T-10/ERI_T_10_IBLA.png,6,2.7748
T/T-10/ERI_T_10_L2UWE.png,7,3.1359
T/T-10/ERI_T_10_RCP.png,8,1.6241
T/T-10/ERI_T_10_TS.png,9,1.3641
T/T-10/ERI_T_10_Ucolor.png,10,2.6104
T/T-10/ERI_T_10_UNTV.png,11,5.7827
T/T-10/ERI_T_10_UTV.png,12,1.0664
T/T-10/ERI_T_10_UWB-VCSE.png,13,2.7684
T/T-10/ERI_T_10_UWCNN.png,14,0.6443
T/T-10/ERI_T_10_VR.png,15,2.7165
T/T-2/ERI_T_2_Bayesian.png,1,2.6919
T/T-2/ERI_T_2_CBF.png,2,2.6607
T/T-2/ERI_T_2_CHS.png,3,4.235
T/T-2/ERI_T_2_GLN-CHE.png,4,3.7442
T/T-2/ERI_T_2_HP.png,5,3.8853
T/T-2/ERI_T_2_IBLA.png,6,3.1792
T/T-2/ERI_T_2_L2UWE.png,7,4.2341
T/T-2/ERI_T_2_RCP.png,8,3.1645
T/T-2/ERI_T_2_TS.png,9,3.5181
T/T-2/ERI_T_2_Ucolor.png,10,3.0261
T/T-2/ERI_T_2_UNTV.png,11,6.6526
T/T-2/ERI_T_2_UTV.png,12,1.5963
T/T-2/ERI_T_2_UWB-VCSE.png,13,7.4746
T/T-2/ERI_T_2_UWCNN.png,14,1.2654
T/T-2/ERI_T_2_VR.png,15,2.6429
T/T-3/ERI_T_3_Bayesian.png,1,3.3645
T/T-3/ERI_T_3_CBF.png,2,5.1246
T/T-3/ERI_T_3_CHS.png,3,5.1369
T/T-3/ERI_T_3_GLN-CHE.png,4,5.5017
T/T-3/ERI_T_3_HP.png,5,2.101
T/T-3/ERI_T_3_IBLA.png,6,1.706
T/T-3/ERI_T_3_L2UWE.png,7,3.0343
T/T-3/ERI_T_3_RCP.png,8,4.514
T/T-3/ERI_T_3_TS.png,9,2.3918
T/T-3/ERI_T_3_Ucolor.png,10,2.7342
T/T-3/ERI_T_3_UNTV.png,11,4.909
T/T-3/ERI_T_3_UTV.png,12,0.5612
T/T-3/ERI_T_3_UWB-VCSE.png,13,6.7214
T/T-3/ERI_T_3_UWCNN.png,14,0.5834
T/T-3/ERI_T_3_VR.png,15,3.0981
T/T-4/ERI_T_4_Bayesian.png,1,2.7657
T/T-4/ERI_T_4_CBF.png,2,4.3843
T/T-4/ERI_T_4_CHS.png,3,5.5414
T/T-4/ERI_T_4_GLN-CHE.png,4,3.1223
T/T-4/ERI_T_4_HP.png,5,2.1717
T/T-4/ERI_T_4_IBLA.png,6,2.7968
T/T-4/ERI_T_4_L2UWE.png,7,4.0471
T/T-4/ERI_T_4_RCP.png,8,3.5686
T/T-4/ERI_T_4_TS.png,9,3.7953
T/T-4/ERI_T_4_Ucolor.png,10,2.5367
T/T-4/ERI_T_4_UNTV.png,11,3.0464
T/T-4/ERI_T_4_UTV.png,12,1.7289
T/T-4/ERI_T_4_UWB-VCSE.png,13,7.4021
T/T-4/ERI_T_4_UWCNN.png,14,0.8426
T/T-4/ERI_T_4_VR.png,15,2.6658
T/T-5/ERI_T_5_Bayesian.png,1,4.8729
T/T-5/ERI_T_5_CBF.png,2,7.1959
T/T-5/ERI_T_5_CHS.png,3,7.1589
T/T-5/ERI_T_5_GLN-CHE.png,4,7.8892
T/T-5/ERI_T_5_HP.png,5,6.762
T/T-5/ERI_T_5_IBLA.png,6,2.3331
T/T-5/ERI_T_5_L2UWE.png,7,3.9882
T/T-5/ERI_T_5_RCP.png,8,6.0988
T/T-5/ERI_T_5_TS.png,9,7.1788
T/T-5/ERI_T_5_Ucolor.png,10,5.121
T/T-5/ERI_T_5_UNTV.png,11,6.7608
T/T-5/ERI_T_5_UTV.png,12,1.5162
T/T-5/ERI_T_5_UWB-VCSE.png,13,7.928
T/T-5/ERI_T_5_UWCNN.png,14,0.9699
T/T-5/ERI_T_5_VR.png,15,3.9163
T/T-6/ERI_T_6_Bayesian.png,1,2.0186
T/T-6/ERI_T_6_CBF.png,2,4.5627
T/T-6/ERI_T_6_CHS.png,3,3.8534
T/T-6/ERI_T_6_GLN-CHE.png,4,5.16
T/T-6/ERI_T_6_HP.png,5,5.1798
T/T-6/ERI_T_6_IBLA.png,6,2.1477
T/T-6/ERI_T_6_L2UWE.png,7,2.7654
T/T-6/ERI_T_6_RCP.png,8,2.7393
T/T-6/ERI_T_6_TS.png,9,4.5683
T/T-6/ERI_T_6_Ucolor.png,10,3.5171
T/T-6/ERI_T_6_UNTV.png,11,4.5075
T/T-6/ERI_T_6_UTV.png,12,1.1737
T/T-6/ERI_T_6_UWB-VCSE.png,13,6.7999
T/T-6/ERI_T_6_UWCNN.png,14,0.541
T/T-6/ERI_T_6_VR.png,15,1.4139
T/T-7/ERI_T_7_Bayesian.png,1,5.7904
T/T-7/ERI_T_7_CBF.png,2,5.4418
T/T-7/ERI_T_7_CHS.png,3,5.7299
T/T-7/ERI_T_7_GLN-CHE.png,4,6.8901
T/T-7/ERI_T_7_HP.png,5,3.5712
T/T-7/ERI_T_7_IBLA.png,6,3.1385
T/T-7/ERI_T_7_L2UWE.png,7,6.7559
T/T-7/ERI_T_7_RCP.png,8,2.6342
T/T-7/ERI_T_7_TS.png,9,3.1272
T/T-7/ERI_T_7_Ucolor.png,10,2.4287
T/T-7/ERI_T_7_UNTV.png,11,3.8775
T/T-7/ERI_T_7_UTV.png,12,2.2686
T/T-7/ERI_T_7_UWB-VCSE.png,13,5.7452
T/T-7/ERI_T_7_UWCNN.png,14,0.2575
T/T-7/ERI_T_7_VR.png,15,4.5007
T/T-8/ERI_T_8_Bayesian.png,1,3.5332
T/T-8/ERI_T_8_CBF.png,2,6.5548
T/T-8/ERI_T_8_CHS.png,3,6.8983
T/T-8/ERI_T_8_GLN-CHE.png,4,4.2619
T/T-8/ERI_T_8_HP.png,5,3.4602
T/T-8/ERI_T_8_IBLA.png,6,3.4639
T/T-8/ERI_T_8_L2UWE.png,7,4.4041
T/T-8/ERI_T_8_RCP.png,8,3.1085
T/T-8/ERI_T_8_TS.png,9,3.8267
T/T-8/ERI_T_8_Ucolor.png,10,3.6528
T/T-8/ERI_T_8_UNTV.png,11,2.2085
T/T-8/ERI_T_8_UTV.png,12,1.5349
T/T-8/ERI_T_8_UWB-VCSE.png,13,6.1313
T/T-8/ERI_T_8_UWCNN.png,14,0.9854
T/T-8/ERI_T_8_VR.png,15,1.4477
T/T-9/ERI_T_9_Bayesian.png,1,4.3953
T/T-9/ERI_T_9_CBF.png,2,7.0863
T/T-9/ERI_T_9_CHS.png,3,4.5347
T/T-9/ERI_T_9_GLN-CHE.png,4,6.0896
T/T-9/ERI_T_9_HP.png,5,5.1434
T/T-9/ERI_T_9_IBLA.png,6,1.6942
T/T-9/ERI_T_9_L2UWE.png,7,5.5139
T/T-9/ERI_T_9_RCP.png,8,3.3933
T/T-9/ERI_T_9_TS.png,9,7.2633
T/T-9/ERI_T_9_Ucolor.png,10,3.5723
T/T-9/ERI_T_9_UNTV.png,11,5.6148
T/T-9/ERI_T_9_UTV.png,12,1.7656
T/T-9/ERI_T_9_UWB-VCSE.png,13,7.9697
T/T-9/ERI_T_9_UWCNN.png,14,0.7054
T/T-9/ERI_T_9_VR.png,15,3.7464
